[{"pk": 1, "model": "scores.userprofile", "fields": {"total_points": 0, "user": 1}}, {"pk": 2, "model": "scores.userprofile", "fields": {"total_points": 0, "user": 2}}, {"pk": 3, "model": "scores.userprofile", "fields": {"total_points": 0, "user": 3}}, {"pk": 4, "model": "scores.userprofile", "fields": {"total_points": 0, "user": 4}}, {"pk": 5, "model": "scores.userprofile", "fields": {"total_points": 0, "user": 5}}, {"pk": 6, "model": "scores.userprofile", "fields": {"total_points": 0, "user": 6}}, {"pk": 1, "model": "scores.team", "fields": {"users": [1]}}, {"pk": 2, "model": "scores.team", "fields": {"users": [2]}}, {"pk": 3, "model": "scores.team", "fields": {"users": [3]}}, {"pk": 4, "model": "scores.team", "fields": {"users": [4]}}, {"pk": 5, "model": "scores.team", "fields": {"users": [5]}}, {"pk": 6, "model": "scores.team", "fields": {"users": [1, 2]}}, {"pk": 7, "model": "scores.team", "fields": {"users": [1, 3]}}, {"pk": 8, "model": "scores.team", "fields": {"users": [1, 4]}}, {"pk": 9, "model": "scores.team", "fields": {"users": [1, 5]}}, {"pk": 10, "model": "scores.team", "fields": {"users": [2, 3]}}, {"pk": 11, "model": "scores.team", "fields": {"users": [2, 4]}}, {"pk": 12, "model": "scores.team", "fields": {"users": [2, 5]}}, {"pk": 13, "model": "scores.team", "fields": {"users": [3, 4]}}, {"pk": 14, "model": "scores.team", "fields": {"users": [3, 5]}}, {"pk": 15, "model": "scores.team", "fields": {"users": [4, 5]}}, {"pk": 17, "model": "scores.team", "fields": {"users": [1, 6]}}, {"pk": 18, "model": "scores.team", "fields": {"users": [2, 6]}}, {"pk": 19, "model": "scores.team", "fields": {"users": [3, 6]}}, {"pk": 20, "model": "scores.team", "fields": {"users": [4, 6]}}, {"pk": 21, "model": "scores.team", "fields": {"users": [5, 6]}}, {"pk": 22, "model": "scores.team", "fields": {"users": [6]}}, {"pk": 34, "model": "scores.result", "fields": {"winner": 22, "points": 147, "loser": 1, "played": "2012-02-06 14:12:13"}}, {"pk": 33, "model": "scores.result", "fields": {"winner": 2, "points": 148, "loser": 1, "played": "2012-02-02 17:42:36"}}, {"pk": 32, "model": "scores.result", "fields": {"winner": 10, "points": 146, "loser": 8, "played": "2012-01-18 00:00:05"}}, {"pk": 31, "model": "scores.result", "fields": {"winner": 6, "points": 51, "loser": 13, "played": "2012-01-18 00:00:04"}}, {"pk": 30, "model": "scores.result", "fields": {"winner": 7, "points": 72, "loser": 11, "played": "2012-01-18 00:00:03"}}, {"pk": 29, "model": "scores.result", "fields": {"winner": 8, "points": 55, "loser": 10, "played": "2012-01-18 00:00:02"}}, {"pk": 28, "model": "scores.result", "fields": {"winner": 7, "points": 86, "loser": 11, "played": "2012-01-18 00:00:01"}}, {"pk": 27, "model": "scores.result", "fields": {"winner": 6, "points": 51, "loser": 13, "played": "2012-01-18 00:00:00"}}, {"pk": 26, "model": "scores.result", "fields": {"winner": 1, "points": 54, "loser": 2, "played": "2012-01-17 00:00:03"}}, {"pk": 25, "model": "scores.result", "fields": {"winner": 4, "points": 63, "loser": 3, "played": "2012-01-17 00:00:02"}}, {"pk": 10, "model": "scores.result", "fields": {"winner": 1, "points": 50, "loser": 3, "played": "2012-01-17 00:00:01"}}, {"pk": 9, "model": "scores.result", "fields": {"winner": 2, "points": 78, "loser": 4, "played": "2012-01-17 00:00:00"}}, {"pk": 24, "model": "scores.result", "fields": {"winner": 8, "points": 61, "loser": 10, "played": "2012-01-16 00:00:02"}}, {"pk": 23, "model": "scores.result", "fields": {"winner": 7, "points": 106, "loser": 11, "played": "2012-01-16 00:00:01"}}, {"pk": 22, "model": "scores.result", "fields": {"winner": 6, "points": 54, "loser": 13, "played": "2012-01-16 00:00:00"}}, {"pk": 21, "model": "scores.result", "fields": {"winner": 10, "points": 138, "loser": 15, "played": "2012-01-12 00:00:02"}}, {"pk": 20, "model": "scores.result", "fields": {"winner": 9, "points": 80, "loser": 11, "played": "2012-01-12 00:00:01"}}, {"pk": 19, "model": "scores.result", "fields": {"winner": 12, "points": 94, "loser": 7, "played": "2012-01-12 00:00:00"}}, {"pk": 18, "model": "scores.result", "fields": {"winner": 8, "points": 57, "loser": 10, "played": "2012-01-11 00:00:02"}}, {"pk": 17, "model": "scores.result", "fields": {"winner": 11, "points": 110, "loser": 7, "played": "2012-01-11 00:00:01"}}, {"pk": 16, "model": "scores.result", "fields": {"winner": 6, "points": 62, "loser": 13, "played": "2012-01-11 00:00:00"}}, {"pk": 15, "model": "scores.result", "fields": {"winner": 8, "points": 62, "loser": 10, "played": "2012-01-10 00:00:02"}}, {"pk": 14, "model": "scores.result", "fields": {"winner": 7, "points": 110, "loser": 11, "played": "2012-01-10 00:00:01"}}, {"pk": 13, "model": "scores.result", "fields": {"winner": 6, "points": 70, "loser": 13, "played": "2012-01-10 00:00:00"}}, {"pk": 12, "model": "scores.result", "fields": {"winner": 8, "points": 69, "loser": 10, "played": "2012-01-05 00:00:01"}}, {"pk": 11, "model": "scores.result", "fields": {"winner": 7, "points": 131, "loser": 11, "played": "2012-01-05 00:00:00"}}, {"pk": 8, "model": "scores.result", "fields": {"winner": 8, "points": 81, "loser": 10, "played": "2012-01-03 00:00:07"}}, {"pk": 7, "model": "scores.result", "fields": {"winner": 11, "points": 79, "loser": 7, "played": "2012-01-03 00:00:06"}}, {"pk": 6, "model": "scores.result", "fields": {"winner": 11, "points": 98, "loser": 7, "played": "2012-01-03 00:00:05"}}, {"pk": 5, "model": "scores.result", "fields": {"winner": 6, "points": 83, "loser": 13, "played": "2012-01-03 00:00:04"}}, {"pk": 4, "model": "scores.result", "fields": {"winner": 6, "points": 102, "loser": 13, "played": "2012-01-03 00:00:03"}}, {"pk": 3, "model": "scores.result", "fields": {"winner": 4, "points": 118, "loser": 1, "played": "2012-01-03 00:00:02"}}, {"pk": 2, "model": "scores.result", "fields": {"winner": 1, "points": 90, "loser": 3, "played": "2012-01-03 00:00:01"}}, {"pk": 1, "model": "scores.result", "fields": {"winner": 1, "points": 100, "loser": 2, "played": "2012-01-03 00:00:00"}}, {"pk": 1, "model": "scores.pointschange", "fields": {"points": 100, "user": 1, "result": 1}}, {"pk": 2, "model": "scores.pointschange", "fields": {"points": -100, "user": 2, "result": 1}}, {"pk": 3, "model": "scores.pointschange", "fields": {"points": 90, "user": 1, "result": 2}}, {"pk": 4, "model": "scores.pointschange", "fields": {"points": -90, "user": 3, "result": 2}}, {"pk": 5, "model": "scores.pointschange", "fields": {"points": 118, "user": 4, "result": 3}}, {"pk": 6, "model": "scores.pointschange", "fields": {"points": -118, "user": 1, "result": 3}}, {"pk": 7, "model": "scores.pointschange", "fields": {"points": 102, "user": 1, "result": 4}}, {"pk": 8, "model": "scores.pointschange", "fields": {"points": 102, "user": 2, "result": 4}}, {"pk": 9, "model": "scores.pointschange", "fields": {"points": -102, "user": 3, "result": 4}}, {"pk": 10, "model": "scores.pointschange", "fields": {"points": -102, "user": 4, "result": 4}}, {"pk": 11, "model": "scores.pointschange", "fields": {"points": 83, "user": 1, "result": 5}}, {"pk": 12, "model": "scores.pointschange", "fields": {"points": 83, "user": 2, "result": 5}}, {"pk": 13, "model": "scores.pointschange", "fields": {"points": -83, "user": 3, "result": 5}}, {"pk": 14, "model": "scores.pointschange", "fields": {"points": -83, "user": 4, "result": 5}}, {"pk": 15, "model": "scores.pointschange", "fields": {"points": 98, "user": 2, "result": 6}}, {"pk": 16, "model": "scores.pointschange", "fields": {"points": 98, "user": 4, "result": 6}}, {"pk": 17, "model": "scores.pointschange", "fields": {"points": -98, "user": 1, "result": 6}}, {"pk": 18, "model": "scores.pointschange", "fields": {"points": -98, "user": 3, "result": 6}}, {"pk": 19, "model": "scores.pointschange", "fields": {"points": 79, "user": 2, "result": 7}}, {"pk": 20, "model": "scores.pointschange", "fields": {"points": 79, "user": 4, "result": 7}}, {"pk": 21, "model": "scores.pointschange", "fields": {"points": -79, "user": 1, "result": 7}}, {"pk": 22, "model": "scores.pointschange", "fields": {"points": -79, "user": 3, "result": 7}}, {"pk": 23, "model": "scores.pointschange", "fields": {"points": 81, "user": 1, "result": 8}}, {"pk": 24, "model": "scores.pointschange", "fields": {"points": 81, "user": 4, "result": 8}}, {"pk": 25, "model": "scores.pointschange", "fields": {"points": -81, "user": 2, "result": 8}}, {"pk": 26, "model": "scores.pointschange", "fields": {"points": -81, "user": 3, "result": 8}}, {"pk": 27, "model": "scores.pointschange", "fields": {"points": 131, "user": 1, "result": 11}}, {"pk": 28, "model": "scores.pointschange", "fields": {"points": 131, "user": 3, "result": 11}}, {"pk": 29, "model": "scores.pointschange", "fields": {"points": -131, "user": 2, "result": 11}}, {"pk": 30, "model": "scores.pointschange", "fields": {"points": -131, "user": 4, "result": 11}}, {"pk": 31, "model": "scores.pointschange", "fields": {"points": 69, "user": 1, "result": 12}}, {"pk": 32, "model": "scores.pointschange", "fields": {"points": 69, "user": 4, "result": 12}}, {"pk": 33, "model": "scores.pointschange", "fields": {"points": -69, "user": 2, "result": 12}}, {"pk": 34, "model": "scores.pointschange", "fields": {"points": -69, "user": 3, "result": 12}}, {"pk": 35, "model": "scores.pointschange", "fields": {"points": 70, "user": 1, "result": 13}}, {"pk": 36, "model": "scores.pointschange", "fields": {"points": 70, "user": 2, "result": 13}}, {"pk": 37, "model": "scores.pointschange", "fields": {"points": -70, "user": 3, "result": 13}}, {"pk": 38, "model": "scores.pointschange", "fields": {"points": -70, "user": 4, "result": 13}}, {"pk": 39, "model": "scores.pointschange", "fields": {"points": 110, "user": 1, "result": 14}}, {"pk": 40, "model": "scores.pointschange", "fields": {"points": 110, "user": 3, "result": 14}}, {"pk": 41, "model": "scores.pointschange", "fields": {"points": -110, "user": 2, "result": 14}}, {"pk": 42, "model": "scores.pointschange", "fields": {"points": -110, "user": 4, "result": 14}}, {"pk": 43, "model": "scores.pointschange", "fields": {"points": 62, "user": 1, "result": 15}}, {"pk": 44, "model": "scores.pointschange", "fields": {"points": 62, "user": 4, "result": 15}}, {"pk": 45, "model": "scores.pointschange", "fields": {"points": -62, "user": 2, "result": 15}}, {"pk": 46, "model": "scores.pointschange", "fields": {"points": -62, "user": 3, "result": 15}}, {"pk": 47, "model": "scores.pointschange", "fields": {"points": 62, "user": 1, "result": 16}}, {"pk": 48, "model": "scores.pointschange", "fields": {"points": 62, "user": 2, "result": 16}}, {"pk": 49, "model": "scores.pointschange", "fields": {"points": -62, "user": 3, "result": 16}}, {"pk": 50, "model": "scores.pointschange", "fields": {"points": -62, "user": 4, "result": 16}}, {"pk": 51, "model": "scores.pointschange", "fields": {"points": 110, "user": 2, "result": 17}}, {"pk": 52, "model": "scores.pointschange", "fields": {"points": 110, "user": 4, "result": 17}}, {"pk": 53, "model": "scores.pointschange", "fields": {"points": -110, "user": 1, "result": 17}}, {"pk": 54, "model": "scores.pointschange", "fields": {"points": -110, "user": 3, "result": 17}}, {"pk": 55, "model": "scores.pointschange", "fields": {"points": 57, "user": 1, "result": 18}}, {"pk": 56, "model": "scores.pointschange", "fields": {"points": 57, "user": 4, "result": 18}}, {"pk": 57, "model": "scores.pointschange", "fields": {"points": -57, "user": 2, "result": 18}}, {"pk": 58, "model": "scores.pointschange", "fields": {"points": -57, "user": 3, "result": 18}}, {"pk": 59, "model": "scores.pointschange", "fields": {"points": 94, "user": 2, "result": 19}}, {"pk": 60, "model": "scores.pointschange", "fields": {"points": 94, "user": 5, "result": 19}}, {"pk": 61, "model": "scores.pointschange", "fields": {"points": -94, "user": 1, "result": 19}}, {"pk": 62, "model": "scores.pointschange", "fields": {"points": -94, "user": 3, "result": 19}}, {"pk": 63, "model": "scores.pointschange", "fields": {"points": 80, "user": 1, "result": 20}}, {"pk": 64, "model": "scores.pointschange", "fields": {"points": 80, "user": 5, "result": 20}}, {"pk": 65, "model": "scores.pointschange", "fields": {"points": -80, "user": 2, "result": 20}}, {"pk": 66, "model": "scores.pointschange", "fields": {"points": -80, "user": 4, "result": 20}}, {"pk": 67, "model": "scores.pointschange", "fields": {"points": 138, "user": 2, "result": 21}}, {"pk": 68, "model": "scores.pointschange", "fields": {"points": 138, "user": 3, "result": 21}}, {"pk": 69, "model": "scores.pointschange", "fields": {"points": -138, "user": 4, "result": 21}}, {"pk": 70, "model": "scores.pointschange", "fields": {"points": -138, "user": 5, "result": 21}}, {"pk": 71, "model": "scores.pointschange", "fields": {"points": 54, "user": 1, "result": 22}}, {"pk": 72, "model": "scores.pointschange", "fields": {"points": 54, "user": 2, "result": 22}}, {"pk": 73, "model": "scores.pointschange", "fields": {"points": -54, "user": 3, "result": 22}}, {"pk": 74, "model": "scores.pointschange", "fields": {"points": -54, "user": 4, "result": 22}}, {"pk": 75, "model": "scores.pointschange", "fields": {"points": 106, "user": 1, "result": 23}}, {"pk": 76, "model": "scores.pointschange", "fields": {"points": 106, "user": 3, "result": 23}}, {"pk": 77, "model": "scores.pointschange", "fields": {"points": -106, "user": 2, "result": 23}}, {"pk": 78, "model": "scores.pointschange", "fields": {"points": -106, "user": 4, "result": 23}}, {"pk": 79, "model": "scores.pointschange", "fields": {"points": 61, "user": 1, "result": 24}}, {"pk": 80, "model": "scores.pointschange", "fields": {"points": 61, "user": 4, "result": 24}}, {"pk": 81, "model": "scores.pointschange", "fields": {"points": -61, "user": 2, "result": 24}}, {"pk": 82, "model": "scores.pointschange", "fields": {"points": -61, "user": 3, "result": 24}}, {"pk": 83, "model": "scores.pointschange", "fields": {"points": 78, "user": 2, "result": 9}}, {"pk": 84, "model": "scores.pointschange", "fields": {"points": -78, "user": 4, "result": 9}}, {"pk": 85, "model": "scores.pointschange", "fields": {"points": 50, "user": 1, "result": 10}}, {"pk": 86, "model": "scores.pointschange", "fields": {"points": -50, "user": 3, "result": 10}}, {"pk": 87, "model": "scores.pointschange", "fields": {"points": 63, "user": 4, "result": 25}}, {"pk": 88, "model": "scores.pointschange", "fields": {"points": -63, "user": 3, "result": 25}}, {"pk": 89, "model": "scores.pointschange", "fields": {"points": 54, "user": 1, "result": 26}}, {"pk": 90, "model": "scores.pointschange", "fields": {"points": -54, "user": 2, "result": 26}}, {"pk": 91, "model": "scores.pointschange", "fields": {"points": 51, "user": 1, "result": 27}}, {"pk": 92, "model": "scores.pointschange", "fields": {"points": 51, "user": 2, "result": 27}}, {"pk": 93, "model": "scores.pointschange", "fields": {"points": -51, "user": 3, "result": 27}}, {"pk": 94, "model": "scores.pointschange", "fields": {"points": -51, "user": 4, "result": 27}}, {"pk": 95, "model": "scores.pointschange", "fields": {"points": 86, "user": 1, "result": 28}}, {"pk": 96, "model": "scores.pointschange", "fields": {"points": 86, "user": 3, "result": 28}}, {"pk": 97, "model": "scores.pointschange", "fields": {"points": -86, "user": 2, "result": 28}}, {"pk": 98, "model": "scores.pointschange", "fields": {"points": -86, "user": 4, "result": 28}}, {"pk": 99, "model": "scores.pointschange", "fields": {"points": 55, "user": 1, "result": 29}}, {"pk": 100, "model": "scores.pointschange", "fields": {"points": 55, "user": 4, "result": 29}}, {"pk": 101, "model": "scores.pointschange", "fields": {"points": -55, "user": 2, "result": 29}}, {"pk": 102, "model": "scores.pointschange", "fields": {"points": -55, "user": 3, "result": 29}}, {"pk": 103, "model": "scores.pointschange", "fields": {"points": 72, "user": 1, "result": 30}}, {"pk": 104, "model": "scores.pointschange", "fields": {"points": 72, "user": 3, "result": 30}}, {"pk": 105, "model": "scores.pointschange", "fields": {"points": -72, "user": 2, "result": 30}}, {"pk": 106, "model": "scores.pointschange", "fields": {"points": -72, "user": 4, "result": 30}}, {"pk": 107, "model": "scores.pointschange", "fields": {"points": 51, "user": 1, "result": 31}}, {"pk": 108, "model": "scores.pointschange", "fields": {"points": 51, "user": 2, "result": 31}}, {"pk": 109, "model": "scores.pointschange", "fields": {"points": -51, "user": 3, "result": 31}}, {"pk": 110, "model": "scores.pointschange", "fields": {"points": -51, "user": 4, "result": 31}}, {"pk": 111, "model": "scores.pointschange", "fields": {"points": 146, "user": 2, "result": 32}}, {"pk": 112, "model": "scores.pointschange", "fields": {"points": 146, "user": 3, "result": 32}}, {"pk": 113, "model": "scores.pointschange", "fields": {"points": -146, "user": 1, "result": 32}}, {"pk": 114, "model": "scores.pointschange", "fields": {"points": -146, "user": 4, "result": 32}}, {"pk": 115, "model": "scores.pointschange", "fields": {"points": 148, "user": 2, "result": 33}}, {"pk": 116, "model": "scores.pointschange", "fields": {"points": -148, "user": 1, "result": 33}}, {"pk": 117, "model": "scores.pointschange", "fields": {"points": 147, "user": 6, "result": 34}}, {"pk": 118, "model": "scores.pointschange", "fields": {"points": -147, "user": 1, "result": 34}}, {"pk": 22, "model": "auth.permission", "fields": {"codename": "add_logentry", "name": "Can add log entry", "content_type": 8}}, {"pk": 23, "model": "auth.permission", "fields": {"codename": "change_logentry", "name": "Can change log entry", "content_type": 8}}, {"pk": 24, "model": "auth.permission", "fields": {"codename": "delete_logentry", "name": "Can delete log entry", "content_type": 8}}, {"pk": 4, "model": "auth.permission", "fields": {"codename": "add_group", "name": "Can add group", "content_type": 2}}, {"pk": 5, "model": "auth.permission", "fields": {"codename": "change_group", "name": "Can change group", "content_type": 2}}, {"pk": 6, "model": "auth.permission", "fields": {"codename": "delete_group", "name": "Can delete group", "content_type": 2}}, {"pk": 10, "model": "auth.permission", "fields": {"codename": "add_message", "name": "Can add message", "content_type": 4}}, {"pk": 11, "model": "auth.permission", "fields": {"codename": "change_message", "name": "Can change message", "content_type": 4}}, {"pk": 12, "model": "auth.permission", "fields": {"codename": "delete_message", "name": "Can delete message", "content_type": 4}}, {"pk": 1, "model": "auth.permission", "fields": {"codename": "add_permission", "name": "Can add permission", "content_type": 1}}, {"pk": 2, "model": "auth.permission", "fields": {"codename": "change_permission", "name": "Can change permission", "content_type": 1}}, {"pk": 3, "model": "auth.permission", "fields": {"codename": "delete_permission", "name": "Can delete permission", "content_type": 1}}, {"pk": 7, "model": "auth.permission", "fields": {"codename": "add_user", "name": "Can add user", "content_type": 3}}, {"pk": 8, "model": "auth.permission", "fields": {"codename": "change_user", "name": "Can change user", "content_type": 3}}, {"pk": 9, "model": "auth.permission", "fields": {"codename": "delete_user", "name": "Can delete user", "content_type": 3}}, {"pk": 13, "model": "auth.permission", "fields": {"codename": "add_contenttype", "name": "Can add content type", "content_type": 5}}, {"pk": 14, "model": "auth.permission", "fields": {"codename": "change_contenttype", "name": "Can change content type", "content_type": 5}}, {"pk": 15, "model": "auth.permission", "fields": {"codename": "delete_contenttype", "name": "Can delete content type", "content_type": 5}}, {"pk": 37, "model": "auth.permission", "fields": {"codename": "add_userprofile", "name": "Can add user profile", "content_type": 13}}, {"pk": 38, "model": "auth.permission", "fields": {"codename": "change_userprofile", "name": "Can change user profile", "content_type": 13}}, {"pk": 39, "model": "auth.permission", "fields": {"codename": "delete_userprofile", "name": "Can delete user profile", "content_type": 13}}, {"pk": 31, "model": "auth.permission", "fields": {"codename": "add_result", "name": "Can add result", "content_type": 11}}, {"pk": 32, "model": "auth.permission", "fields": {"codename": "change_result", "name": "Can change result", "content_type": 11}}, {"pk": 33, "model": "auth.permission", "fields": {"codename": "delete_result", "name": "Can delete result", "content_type": 11}}, {"pk": 28, "model": "auth.permission", "fields": {"codename": "add_team", "name": "Can add team", "content_type": 10}}, {"pk": 29, "model": "auth.permission", "fields": {"codename": "change_team", "name": "Can change team", "content_type": 10}}, {"pk": 30, "model": "auth.permission", "fields": {"codename": "delete_team", "name": "Can delete team", "content_type": 10}}, {"pk": 16, "model": "auth.permission", "fields": {"codename": "add_session", "name": "Can add session", "content_type": 6}}, {"pk": 17, "model": "auth.permission", "fields": {"codename": "change_session", "name": "Can change session", "content_type": 6}}, {"pk": 18, "model": "auth.permission", "fields": {"codename": "delete_session", "name": "Can delete session", "content_type": 6}}, {"pk": 19, "model": "auth.permission", "fields": {"codename": "add_site", "name": "Can add site", "content_type": 7}}, {"pk": 20, "model": "auth.permission", "fields": {"codename": "change_site", "name": "Can change site", "content_type": 7}}, {"pk": 21, "model": "auth.permission", "fields": {"codename": "delete_site", "name": "Can delete site", "content_type": 7}}, {"pk": 25, "model": "auth.permission", "fields": {"codename": "add_migrationhistory", "name": "Can add migration history", "content_type": 9}}, {"pk": 26, "model": "auth.permission", "fields": {"codename": "change_migrationhistory", "name": "Can change migration history", "content_type": 9}}, {"pk": 27, "model": "auth.permission", "fields": {"codename": "delete_migrationhistory", "name": "Can delete migration history", "content_type": 9}}, {"pk": 1, "model": "auth.user", "fields": {"username": "james", "first_name": "James", "last_name": "Brady", "is_active": true, "is_superuser": true, "is_staff": true, "last_login": "2012-02-03 14:42:22", "groups": [], "user_permissions": [], "password": "sha1$ac6cb$1de4cbc0c2ffdcdfa5ed82c5e60264888574ecc8", "email": "james@jmsbrdy.com", "date_joined": "2012-01-16 16:34:45"}}, {"pk": 2, "model": "auth.user", "fields": {"username": "connor", "first_name": "Connor", "last_name": "Dunn", "is_active": true, "is_superuser": false, "is_staff": false, "last_login": "2012-01-16 16:41:01", "groups": [], "user_permissions": [], "password": "sha1$f8f11$5a75588c00ef2634700713e9afc4da546187aced", "email": "", "date_joined": "2012-01-16 16:41:01"}}, {"pk": 3, "model": "auth.user", "fields": {"username": "tim", "first_name": "Tim", "last_name": "Monks", "is_active": true, "is_superuser": false, "is_staff": false, "last_login": "2012-01-16 16:41:07", "groups": [], "user_permissions": [], "password": "sha1$e443a$8bbe7293039a2e0e25d4d5dd0e64e0940fdf1d2a", "email": "", "date_joined": "2012-01-16 16:41:07"}}, {"pk": 4, "model": "auth.user", "fields": {"username": "tris", "first_name": "Tris", "last_name": "Oaten", "is_active": true, "is_superuser": false, "is_staff": false, "last_login": "2012-01-16 16:41:13", "groups": [], "user_permissions": [], "password": "sha1$7c43b$064d8390d538bad79a652299ef7dbea39459ea99", "email": "", "date_joined": "2012-01-16 16:41:13"}}, {"pk": 5, "model": "auth.user", "fields": {"username": "jeremy", "first_name": "Jeremy", "last_name": "Kingsley", "is_active": true, "is_superuser": false, "is_staff": false, "last_login": "2012-01-16 16:41:19", "groups": [], "user_permissions": [], "password": "sha1$8902b$379ccd791d704bd3431a586b4644b2ca9b0572d0", "email": "", "date_joined": "2012-01-16 16:41:19"}}, {"pk": 6, "model": "auth.user", "fields": {"username": "sahil", "first_name": "Sahil", "last_name": "", "is_active": true, "is_superuser": false, "is_staff": false, "last_login": "2012-02-06 14:20:28", "groups": [], "user_permissions": [], "password": "sha1$dacd0$29c3a49ec0c57b53b9be3f2a1272858362ae9aae", "email": "", "date_joined": "2012-02-06 14:20:28"}}]